id,titulo,preco,link,avaliacao,num_avaliacoes,comentarios
1,"HPCartucho Hp 3ed70a Nº712 Preto 38ml HpAvaliação 4,8 de 5. (28 avaliações)4.8(28)R$289,90R$260,9110% OFFem12xR$25,52Chegará grátis amanhãEnviado pelo",289.00,https://click1.mercadolivre.com.br/mclics/clicks/external/MLB/count?a=ZeYY2oaShlj43coiS4vK%2F3vdpbzjKEQn2ZsT2Hu5JNcP7YqMriM4B2LVl%2BF2RyfsdTAnpKjsnU96jl%2FiwXQw73d2%2BBtJNHEhuRicjIp2AoMggDNjxlpO0tQo4m1pd8f%2BiUiZe%2B4F5%2FRWft3K3bzbXf2wdqyyamsa%2BjfRO1q2ggAknR6CiWtPD6LlvrtgqMkrWr6xp8q%2BVGE5590kZ92zUeBvSNXRDJaGjJIJ6VUHq5dt%2F2nuTfZQ%2F2sQm2P10omeUrdtSsCOgqdMH6Udy00n0DzBAaysUg2onFfDOU9zQSGr0TEwM31JCKiqjw5tU6%2Fa%2BYvsD1St3eLZ%2Bj1EF%2BrpGavLbs0LkqRNIwnvq9Zn9RFrtwADYFNGfZPqyqbtaYPr2EiigdyHtWstxEpQGgbiX8nXRjzGRpYFDN3UOh5oSBvwJy31WNW4uxvpxc%2Bl6MIA7EfkaSwQjJ4Do0SSc6yqjLpOlw0tTOw2TL834HXXdOPlnbk1MSxkWWsInlpWA%2BMbSG7PzZ2S1%2FolvHnU93hxh37EM2ktw3TcwIUhARBFZf17tPJqH4YYgkLD1FU73fawqqhXSOVlB66wEMXide%2Be8rjurj%2FTEfIq%2FhVcJN%2FmRjFPUkh6Oc%2Bdoi%2BAz5FOv3L%2BXFvYjzJRJ1NKa1eHvgLPbd3xc%2F9WBJqxtU1D9e49zckTyQp4iuiPeUwJWzIoNNdixjLEq39APxmEpaGS7%2Ba2rNSJnIUZ5Y2TnMye%2BKFcK8ulW4CsNRdcepCIeABoMaUzLdAVHcuUd5yCtupnJgWrZM0r%2ByWjbAlSx19ZA9wIQ34wMZtoBAH%2FFEBB9%2FM2hZe8QMSh8%2F95juSDvNPF1qy3qqzzKxs79nyoGEKIqv8fXg9dTNbHXEYuNzE1GDIsX9Q7e50Ou0TVF4ZKrTHlUnKgHxmaM05nUrfoyZIjG0UhFXiq%2Fr%2F%2BcF2Qqr2kcO0Sy5dCdq5vIEc2yoEg2yzo0qVy&highlight=false&headerTopBrand=false#polycard_client=search-nordic&tracking_id=2c37baa5-3ef8-43a8-9ab0-cd83d1bb0fa0&wid=MLB4660423580&sid=search,4.8,0,"Me atendeu muito bem.; Muito bom, recomendo.; Ótima qualidade.; Quero devolver está com defeito e não funcionou."
2,"HPCartucho Hp 712 Ciano (pack C/3) 3ed77a HpAvaliação 5 de 5. (3 avaliações)5.0(3)R$453em12xR$43,73Chegará grátis amanhãEnviado pelo",453.00,https://click1.mercadolivre.com.br/mclics/clicks/external/MLB/count?a=AHWa%2BBadVA0U8GYlCak6SpDI9w2aKshUXkUdu7WWPaN8tuQ0WgOjqlIEM3%2BggujaLCspRH2%2FBlnCxosE%2Fgj%2F11%2F41T23UWtSPW00PxnrfkaNj3yk3z1AANlQ0cJiVrYbSmDqDT%2BNgWxve5MovObJt9MNd%2BiCe7LXtAt2XgjOr3Acdo9l7bdhpDqH9GXL12QK9Ai2sAm8M5ZbCh%2B0X1vMsA7WHpy8dJD6NllC0V36oDhhzAFYNeB1NdxywHu31auNtywIIv2xCK8Rj0lU3V1vOot5G0R2jRTU%2FIfFvtUkQH%2BysnQSSsoyHiwc9k980KHR3d5E8zp890v1M8h%2FghSqu1QWyQq5d7Utx1NH3Cmjop0LinCKSTLWpaNfCsur4q2ub5%2BAPRoVmgHQa%2B4UihR3lAadxv291Eoa%2F5UedWrVKjGYan%2BFbTdIOeeMvE5dLxUcppiRQbn5zwvZzTjx8yRlZQdXjFA0Fvcc3B%2FwO3nlPjj0%2FASyiu%2BIKLInOw8E8CewEG0WT8CHqA9TuAQ0sCnBegTyhez1A8dZ77Nn7euv5ggkAd5UxhxW7lgQnPEaM5iFCe6hD6kN0mFAbLqtk7xD0vLsPH2DMV00p6dreUujfvjVvBxwvWf9LZ7iq1sFSy5N5KRiNT2Wzm6P1RrL73hXSda9OYtVKM991JIr8EheVDfHVsYrZwf3MiIHmqF2Wpn1%2FgB8RnuaEDgOvnOW5H6UdQoorCtyCN9KsiHMABHDlIO5YPZgcW3EWWH61G6YEBBtmGjgBMxyRZkPU8uVXlXOOhuTvM1s7CO563k1U5Ulnoh%2BeQLdAtzk4JMpzUV99QOFR09sIcyIndwT9VkVHoLUKFYa%2B0aRCAqyLYF6cuz55zgnvQ4d0hHoXZpKr9r1dDc%2BcDNM1qbmVPiATfXhPs2JZ1RiB2PjrdsFIIFuvvR9DsZ1xhoHHKnpzS2iL8JmpB4GZGkLoPC%2B%2BQT6uyJyyfMo6c0V&highlight=false&headerTopBrand=false#polycard_client=search-nordic&tracking_id=2c37baa5-3ef8-43a8-9ab0-cd83d1bb0fa0&wid=MLB3866464859&sid=search,N/A,0,N/A
3,"HPCartucho De Tinta 712 Ciano Hp T210 T250 T650Avaliação 4,8 de 5. (15 avaliações)4.8(15)R$229em12xR$22,55Chegará grátis amanhãEnviado pelo",229.00,https://click1.mercadolivre.com.br/mclics/clicks/external/MLB/count?a=p3I1GkYHg%2FrkQ%2B3ZSAF6pTyRUCWazUxA0kiPospG5tJX0vL3WuSWQTIbqGAmpPV8JFddEgVb1WhOxkuUg2s3hPOgFlAQu1FUgtvhn26whlKDLeteHWrpHGjlI4g4peJ%2F6zLs%2FPD3IAh9PwEc29S8sxR5VFK01CASH%2BrHAmdkvIHxPGbwWsRXvsoTt%2FP%2Fu1E7HTRpbrMzKt7MkzzXe6aeNevHkLPItSSTfZI8%2BbQEl8HCwFVpQdb%2BKhC2LIxpjXGZ3Kc9WqG6x2NxtPt1iYyLBtBcHJhLBkqYy1V62IJOdlz8HEPTPo8BXixZD0ITRb5joqRrsSOpHLoGD8qB%2BNJEtQN5%2FeGId5KWR5Z1LFUaXjKBodT9GsnKvW2YcQBxcN36mYOow0NOdDEi6lQ72fF7u8Oi4xyXG50sjHPYNI9NxDjM2IkUmFSrhsKuM4JqLKEdFcQOcD9i4nODeQFDgKNrKajtY616OutB2n96kwoxl588Zi%2Fj3iHV%2BeBJiUJ7dfEZA%2B9bLQISTDdlXmmj0ikyKf%2B%2FwDsBGWi2Gc5emobC2KL8RXeSRzpKiwfV7uqR4U1GfTQwPmMD%2BoPdx7U2%2FPukaRqV6C9lICvkVaCSGWdSeoEgupGy76M%2Fxlt%2BCjd2u9HTEjp%2FXSvWqWaw%2BiCnm49n7CDC%2ByFWldSKEfQkUABv1jYDJZEghEpqBxWc2lDsn3X89SwOYAhhkhDoPQBuexXWozgIHu4XyabT3jSJWtiXnIfzsa%2FT6nX8k3eONcjBy8m9fd%2ByiLXYycFV9RmNYBPuDKz%2FZmaMZniD8ivaIdUR1NJu60owoj6HltSWPWsvnk8cNHNd%2Br8Wj9RqxQpXXYkmCXwr8eL1j9rhiVCuXchs45dLngXABXUpHHCwqD%2BBG%2BbMQwqAMnn1VDJyiZGVzb9aGUEshV0rKTuvJR9TjiW4qrY65OYgWmU8N%2FjrHtrZpV5NVIcNE%2FIyPbNDt%2BrCVhF4Ugca4PM9YmlS%2Fg%3D%3D&highlight=false&headerTopBrand=false#polycard_client=search-nordic&tracking_id=2c37baa5-3ef8-43a8-9ab0-cd83d1bb0fa0&wid=MLB3841626547&sid=search,4.8,0,Otimo.; Bom.
4,"RECOMENDADOHPCartucho De Tinta 712 Preto 80ml Hp T210 T250 T650Avaliação 4,8 de 5. (46 avaliações)4.8(46)R$419em12xR$40,45Chegará grátis amanhãEnviado pelo",419.00,https://www.mercadolivre.com.br/cartucho-de-tinta-712-preto-80ml-hp-t210-t250-t650/p/MLB22536214?highlight=true&headerTopBrand=false#polycard_client=search-nordic&searchVariation=MLB22536214&wid=MLB5046810704&position=22&search_layout=grid&type=product&tracking_id=2c37baa5-3ef8-43a8-9ab0-cd83d1bb0fa0&sid=search,4.8,0,Top.; Tudo certo.; O referido cartucho a plotter não conseguiu reconhecer o chip portando houve devolução da mercadoria. Com exito.
5,"HPCartucho De Tinta Hp 712 Amarelo Pluk 29ml 3ed69a WespetecAvaliação 5 de 5. (14 avaliações)5.0(14)R$229em12xR$22,55Chegará grátis amanhãEnviado pelo",229.00,https://www.mercadolivre.com.br/cartucho-de-tinta-hp-712-amarelo-pluk-29ml-3ed69a-wespetec/p/MLB22304579?highlight=false&headerTopBrand=false#polycard_client=search-nordic&searchVariation=MLB22304579&wid=MLB5046799182&position=15&search_layout=grid&type=product&tracking_id=2c37baa5-3ef8-43a8-9ab0-cd83d1bb0fa0&sid=search,N/A,0,Bom.
6,"HPCartucho De Tinta 712 Ciano Hp T210 T250 T650Avaliação 4,8 de 5. (15 avaliações)4.8(15)R$229em12xR$22,55Chegará grátis amanhãEnviado pelo",229.00,https://www.mercadolivre.com.br/cartucho-de-tinta-712-ciano-hp-t210-t250-t650/p/MLB22559081?highlight=false&headerTopBrand=false#polycard_client=search-nordic&searchVariation=MLB22559081&backend_model=search-backend&wid=MLB3841626547&position=13&search_layout=grid&type=product&tracking_id=2c37baa5-3ef8-43a8-9ab0-cd83d1bb0fa0&sid=search,4.8,0,Otimo.; Bom.
7,"HPCartucho Hp 712 Ciano (pack C/3) 3ed77a HpAvaliação 5 de 5. (3 avaliações)5.0(3)R$453em12xR$43,73Chegará grátis amanhãEnviado pelo",453.00,https://www.mercadolivre.com.br/cartucho-hp-712-ciano-pack-c3-3ed77a-hp/p/MLB22546182?highlight=false&headerTopBrand=false#polycard_client=search-nordic&searchVariation=MLB22546182&backend_model=search-backend&wid=MLB3866464859&position=7&search_layout=grid&type=product&tracking_id=2c37baa5-3ef8-43a8-9ab0-cd83d1bb0fa0&sid=search,N/A,0,N/A
8,"HPPacote com 3 cartuchos Diginet Hp 712 Yellow T210/230Avaliação 4 de 5. (6 avaliações)4.0(6)R$453em12xR$43,73Chegará grátis amanhãEnviado pelo",453.00,https://www.mercadolivre.com.br/pacote-com-3-cartuchos-diginet-hp-712-yellow-t210230/p/MLB36796527?highlight=false&headerTopBrand=false#polycard_client=search-nordic&searchVariation=MLB36796527&wid=MLB3866515915&position=9&search_layout=grid&type=product&tracking_id=2c37baa5-3ef8-43a8-9ab0-cd83d1bb0fa0&sid=search,N/A,0,N/A
9,"HPCartucho Hp 3ed70a Nº712 Preto 38ml HpAvaliação 4,8 de 5. (28 avaliações)4.8(28)R$289,90R$260,9110% OFFem12xR$25,52Chegará grátis amanhãEnviado pelo",289.00,https://www.mercadolivre.com.br/cartucho-hp-3ed70a-n712-preto-38ml-hp/p/MLB22534666?highlight=false&headerTopBrand=false#polycard_client=search-nordic&searchVariation=MLB22534666&backend_model=search-backend&wid=MLB4660423580&position=4&search_layout=grid&type=product&tracking_id=2c37baa5-3ef8-43a8-9ab0-cd83d1bb0fa0&sid=search,4.8,0,"Me atendeu muito bem.; Muito bom, recomendo.; Ótima qualidade.; Quero devolver está com defeito e não funcionou."
10,"HPKit 4 Cartuchos De Tinta Hp 712  Preto 38ml + CoresAvaliação 4,9 de 5. (8 avaliações)4.9(8)R$979em12xR$94,71Chegará grátis amanhãEnviado pelo",979.00,https://click1.mercadolivre.com.br/mclics/clicks/external/MLB/count?a=bB7RABJvxe1RmUvjQNskQF%2FD2QMIg8NfbhuM1vvqEZ4PpQVWmAl%2FWjGSF15okHl9Sm93YWh%2F%2B59JUjeBlOcgGdN5nJFEGTcEV94HALxWemTgzkXgMUl1ZCVbO8Lt%2FXXcITuI1yvFu%2B%2FsBNJ4dGgR4E9qTdxR%2Bg0jkc5l94ILnmgyj3eYghD%2B2Ch43E7u5Wt1DTeJOJ7bT%2BjNQP7Xm9C05c3PrQhUNVrrH1EO0Xy9eWhWQIWEuSN0ANwSaRzJ3vuNwpkEwG79vBngHRvtTP%2BpGiJajEG5WvuH2ny9JevH9PEhy1Np8SrcSLW1puUgYz%2F7xAN8E%2FNQAigjj35%2BOlxvRBnvf1R87HbWYBCcDdEPpZ1Peh6zFoVZrVUK4J%2BJP%2BePer07Q82rx01PaCPF8kUFAakN%2FUzzQ0WHHpxs4ZLBuUc5UzaGBOV8NUAXZGB7xbNZlLZ%2BukAgVFWAH0X4pn%2BxZjnTE4CzAG5qaA6JT0DgQZMVPaLBrz%2FJxg8Uq3h16fV3GJi7WvDV3M52eRc1iT9IisXGBMtZL3RcCTxZgmK3Mp3Iu0%2FDLzTLjbzwUuM8cil1eMmCjwc7OZk0Yws5djkhtpsr3xRlG2UqdQ60JOBqzdJeO6klNb703%2F2p0tICtHeADoAHs2j0O1MJ7JR74MDt%2FHc8oXyKcmwP9plCRXmwV4XoSJB0fCRHHKKHf4ZpIUGpHqEBOkyEff%2FEyaZbtTxyemmIx7lkRlKrWmJUlb9vVm1wg6%2B79qQPcwQYL8MoD7lDCl7qDdsVQ2%2FM2CrDqnkjzMGyr8W3bGL6GJtOPiytuNDF1EUdIECloShh4kl8uKVzlZmRJkRzkG7irmbK%2BFDuMt7oRyPpag%3D%3D&highlight=false&headerTopBrand=false#polycard_client=search-nordic&tracking_id=2c37baa5-3ef8-43a8-9ab0-cd83d1bb0fa0&wid=MLB5046766074&sid=search,4.9,0,"Produto original e lacrado.; São originais, a plotter funcionou bem."
11,"HPKit Cartucho Hp 712 Original Preto 38ml Plotter T250 T650Avaliação 4,6 de 5. (28 avaliações)4.6(28)R$1.099R$989,1010% OFFem12xR$95,69Chegará grátis amanhãEnviado pelo",1099.00,https://click1.mercadolivre.com.br/mclics/clicks/external/MLB/count?a=S1axGDh%2FQ7npcxv%2FpMwdH6WqdMiFu1sfBKDEEJUFn7Tu9Se41UD6BdXDlGHYixJJIrsr2fYpAofNwGnM0PRR1TXxO1Wymn2LdGqckhQHQRcT5F2xuEwqh5BGTXquhoCIHXqpgnGWg6siCgTRn0TWOe5dLx4mpJ1oZV5xsU6vU7514YJDcHg4KeY%2FfMRqLUVludnx3oW5o5zNxP9C5d0jSN1Aex2mqqFwV6fZRUemHS%2FsPirqmLw9Nx4G7%2Fxg9wTBUMFBn6mPnIq4yoKLpiBwGKGZAuj4%2BGPk70x3%2FCnh3qx6DZsc8GZP5g9%2B4Z5w0BFJA3ezTxeQ9QZ6pRuhh29sSaXYgew0gzsEOpCZAb%2BubuxxWKCMlIj3oBWrJgHUoDqNxqCilAJlhF5%2Bn2Qyqk5HLSqUR2%2FCvsibEpCvyzLkkN2dgxK5iCMlMMjuUvzb7jPH5M0kRmG9DOPHjI%2F2De15F9Ik5pzA8Q1Q6i2ywlWX71akJNKHZqXkqMQJYtLjW4IJOEH1gKtyMBIiMc%2BOzLNuYPguau5dcfiKscbKjcZHgIJeoZOfzPhSrEJOlK6j6XMLQQDmNCrgY6FLx%2Bnxcjubu9Og%2F4sRt4bLHSQsJlUpm1kSwAoo0rCl6g6sgfaLRjMvQ2HFD9Cj9OCne%2Fmk%2FDpJL6n5C8Kd%2FaFVqgb6SN3idEUNrFiRN0qkCso1Y7OAucT85ztIEP2voohj5mqmjjxFukrTNqz1yhHrsKjCjCgHqnAotQX%2BgYTWXesS%2Fh9X37SUifJjhQ%2FOiuuTKPtmLBX2TS3upA9u2K%2BVp%2FXKOHI1LIMgvSEaM9ZR5qgPy5WBnuuAf0MmYVaBg04IRn4aOzug7wI24%2BhPr7xq5dxIt7D37g%3D%3D&highlight=false&headerTopBrand=false#polycard_client=search-nordic&tracking_id=2c37baa5-3ef8-43a8-9ab0-cd83d1bb0fa0&wid=MLB3750171931&sid=search,4.6,0,Boa qualidade atendeu ao esperado.; Otmo produto recomendo.; Otimo.
12,"HPKit Tinta Original Plotter Hp T250 T650 712 - 04 CoresPor Tec PrintAvaliação 5 de 5. (14 avaliações)5.0(14)R$1.259em12xR$121,88Frete grátis",1259.00,https://click1.mercadolivre.com.br/mclics/clicks/external/MLB/count?a=p%2BAvy0FvlniePVh1MSQ4hg2gGBl3vPfNJzmtR9iB%2BUZHBj9G9h67%2BIYqHeMTS2hviozp47YZ53EQrQpcm9UijR6Isq1HmUVuX6YNHJX1q8jtUa64HFQQ%2FmUPvsDYWGNm596iaBUjjg515LknAvUn5sIs3ZFR4NZqYTuZHFTxr9GUOIlkNDVcMXF4oPMMZkMdfJVw3OYo337C7mJ1Sc8FYQMb7W8n9zF7fKD%2BcUPKx4Iu2z0pNZCZDM5rqqn9Hm0W1ZyHYHOMSz7%2FmnflBOthi9WPgoP12sNALdepO0FLNxC1kTT%2Bm0lIyEyI40R%2FCOnN79qAzvyOKisyq1BSRZA7EYz%2BVGpKx51LdC3ipi7DNHnaM8fG7T8XXLs29P3bIG3c0yIAeP4SwE9c9unrmk1ljkHuPG%2F%2BFEwL7da6U78QIEHXPwBUdXmo8brup%2FRbd0hwOZmDlyWta1cyNF2iogTxaNPW7h7UN2Xqadyaf3UXbupgTiFWhaUUUlS7Z598b0%2FLZqFAjJRgKeiG%2FAQMr5wxL52AUYNAKG23okvoMjKq7cWxjg80Hhng1AKX545XqRMqSBfZjiDzmUxu5Wo1CYPwE38YokxXIAyaNCzO7v210TGqoG97MOaJ2Duik%2FDPfo43aSiYTIRjn6HAkhzEYUp1IB%2BITWYdeS2wHGVORMhfrLw342VlJLG7L2kkWkxlBJ9j9tdRTNobjcr1%2BvwBJbM2oPMkYh9T%2FZbVusaK5x%2FcVjctwSxPnPDi%2F87I9mC%2FTYbDPyvOfGW%2FZ28RbAxzukSLWYKFC%2BQshjF4%2BskB9hrdRlFa3sJ6fRAVB7Tq98qZrO4UvTRhO%2BOBCTsN1iWf1io%2FiS9RywFYjrWN&highlight=false&headerTopBrand=true#polycard_client=search-nordic&tracking_id=2c37baa5-3ef8-43a8-9ab0-cd83d1bb0fa0&wid=MLB2169674439&sid=search,N/A,0,"Sempre compro, bom produto.; Ótimo.; Produto original de excelente qualidade."
13,"HPKit 4 Cartuchos De Tinta Hp 712  Preto 38ml + CoresAvaliação 4,9 de 5. (8 avaliações)4.9(8)R$979em12xR$94,71Chegará grátis amanhãEnviado pelo",979.00,https://produto.mercadolivre.com.br/MLB-5046766074-kit-4-cartuchos-de-tinta-hp-712-preto-38ml-cores-_JM?highlight=false&headerTopBrand=false#polycard_client=search-nordic&backend_model=search-backend&position=27&search_layout=grid&type=item&tracking_id=2c37baa5-3ef8-43a8-9ab0-cd83d1bb0fa0&wid=MLB5046766074&sid=search,4.9,0,"Produto original e lacrado.; São originais, a plotter funcionou bem."
14,"HPKit Cartucho Hp 712 Original Preto 80ml Plotter T250 T650Avaliação 5 de 5. (11 avaliações)5.0(11)R$1.299R$1.15611% OFFem12xR$111,84Chegará grátis amanhãEnviado pelo",1299.00,https://produto.mercadolivre.com.br/MLB-3750141517-kit-cartucho-hp-712-original-preto-80ml-plotter-t250-t650-_JM?highlight=false&headerTopBrand=false#polycard_client=search-nordic&backend_model=search-backend&position=28&search_layout=grid&type=item&tracking_id=2c37baa5-3ef8-43a8-9ab0-cd83d1bb0fa0&wid=MLB3750141517&sid=search,N/A,0,N/A
15,"HPPacote com 3 cartuchos Tinta Hp 712 Amarillo Plotter Designjet 29 mlAvaliação 4 de 5. (6 avaliações)4.0(6)R$699R$594,1515% OFFem12xR$57,36Frete grátisEnviado pelo",699.00,https://www.mercadolivre.com.br/pacote-com-3-cartuchos-tinta-hp-712-amarillo-plotter-designjet-29-ml/p/MLB36819373?highlight=false&headerTopBrand=false#polycard_client=search-nordic&searchVariation=MLB36819373&wid=MLB4808707388&position=26&search_layout=grid&type=product&tracking_id=2c37baa5-3ef8-43a8-9ab0-cd83d1bb0fa0&sid=search,N/A,0,N/A
16,"Substituição Do Cartucho De Tinta Preta Double D 712xl ParaR$693,73em12xR$57,81sem jurosFrete grátisCOMPRA INTERNACIONALEnvio dos EUA",693.00,https://www.mercadolivre.com.br/doble-d-712xl-reemplazo-de-cartuchos-de-tinta-negra-para-hp/p/MLB2015363601?highlight=false&headerTopBrand=true#polycard_client=search-nordic&searchVariation=MLB2015363601&wid=MLB5363760412&position=17&search_layout=grid&type=product&tracking_id=2c37baa5-3ef8-43a8-9ab0-cd83d1bb0fa0&sid=search,N/A,0,N/A
17,"HPCartucho Hp 712 Preto 38ml 3ed70a HpR$267em12xR$26,12Chegará grátis amanhãEnviado pelo",267.00,https://produto.mercadolivre.com.br/MLB-5046759064-cartucho-hp-712-preto-38ml-3ed70a-hp-_JM?highlight=false&headerTopBrand=false#polycard_client=search-nordic&position=29&search_layout=grid&type=item&tracking_id=2c37baa5-3ef8-43a8-9ab0-cd83d1bb0fa0&wid=MLB5046759064&sid=search,N/A,0,N/A
18,"HPKit Cartucho Hp 712 Original Preto 38ml Plotter T250 T650Avaliação 4,6 de 5. (28 avaliações)4.6(28)R$1.099R$989,1010% OFFem12xR$95,69Chegará grátis amanhãEnviado pelo",1099.00,https://produto.mercadolivre.com.br/MLB-3750171931-kit-cartucho-hp-712-original-preto-38ml-plotter-t250-t650-_JM?highlight=false&headerTopBrand=false#polycard_client=search-nordic&backend_model=search-backend&position=30&search_layout=grid&type=item&tracking_id=2c37baa5-3ef8-43a8-9ab0-cd83d1bb0fa0&wid=MLB3750171931&sid=search,4.6,0,Boa qualidade atendeu ao esperado.; Otmo produto recomendo.; Otimo.
19,"HPKit Cartucho Hp 712 Original Preto 80ml Plotter T250 T650Avaliação 5 de 5. (5 avaliações)5.0(5)R$1.099em12xR$106,32Chegará grátis amanhãEnviado pelo",1099.00,https://click1.mercadolivre.com.br/mclics/clicks/external/MLB/count?a=9Mur8ATqJomKqHc0zitLdRzWGr3lBZbxyOKL7yinTtoeMCSfaoUt9AVMEZKQbrCo5B4Hb3q0GV5GXHna1VyQeqB%2BBtHVY7FFvqpzqEBzEH%2BlmeWpvqAu2YjpBstYNleMhB5gq%2FrbtiDoD2ykhs1RP877AvNixudbjpvJZzcuphXE6xOMlil1Ox%2F7GoYWSTR70kDW8nORUK7V%2BPuy8Y8IW%2BDm5Wtwyj6iHsawqiRPcVx%2Fp7dPGceVPTiQJjsIS%2BLsSAo%2BJiURCEbP8nzgU%2BtqoV%2FEz0EnBu45Rqt3kYzdPfOMqpHlFRJAY8fBRcptwidnneq5AYixBFmyPFwD9%2FE%2FBoe1di%2BfoYaO%2BDxxDWyekSYKUvg%2BJQw958ZHw1KXplKUhc5D8xeiWkuwCARaN%2F4tJ3AptWiBxjFiAeLzzi8OR%2B9ULfRviRE%2BXCZgErt3vp%2BRTNsyXGGc1zbfUvkXkLQDoW86yHyDJSr4pqvGaJK5%2FZWAZkKfroC%2FUe%2BvSZJxZ0wYFhqvm0%2FhqvPX2q7ey5uU8QAlUYBuNQZABaLw8lTsiS3hxv25HLVBTbvet1v8EDW9KfkSyj87hvCUyNoBPnSS6000vKOeH6u0rQKl3TYkz8ZnMbaRHciQgdAJEM1QYktNQl8VRXwtmy8PRMYjMAJCA4%2FACFMZmMTxRCKwGw6Y4VHekxay05bDwgLKKIzYhytPAIOfDUka5TCsv4TDcNTvwku%2FSCejDj83wBoax76N5gHfVyBN%2Fl0Vkkt8RJVN57EDzKZlx4FeivlWDVw7ONOOGwhky3RsnRa4HXt1JS%2BX%2BUnHuZUT97ESjJ8PjQmIHOil2KCwvLjBHjY3ortOIP8AXqqhsUKEG9SunmMfI6m2%2Bg%3D%3D&highlight=false&headerTopBrand=false#polycard_client=search-nordic&tracking_id=2c37baa5-3ef8-43a8-9ab0-cd83d1bb0fa0&wid=MLB5046761230&sid=search,N/A,0,N/A
20,"HPKit Cartucho Hp 712 Original Preto 80ml Plotter T250 T650Avaliação 5 de 5. (11 avaliações)5.0(11)R$1.299R$1.15611% OFFem12xR$111,84Chegará grátis amanhãEnviado pelo",1299.00,https://click1.mercadolivre.com.br/mclics/clicks/external/MLB/count?a=lkQ1emD%2BEBi0mIdqn6UY%2FI8LIghbnviwrARaReXlECVQld9YRYWo4W1%2BWA9xtKlNUifAf1ECI%2Fb9nR78KmTiBbWRfT71Xkh5305iVEmXZbE5188WGNMzPVvOUh3FB1vXSyPGJIdLyg8J1%2BQi97T7Y%2FUrno%2B0ZNxHEqwnS2Q%2BlrLiSFRm2PknkfMef014ZsWZUhEHvOOLLjoC6KKbkFYM9XQeZiHXPp32qfbiemYWoCvO%2FSrapzSPWEZKEpGuSDTrSJEzST3oLHTZpap1T%2FlCbA0XYwGCSKdPuPH31lhgatAJhb9KZhncQoI85OGcg2T7j5S%2BSnLvxwtQKutOr5s4CxS%2B7I2dnomNKySnGL8l9UZOFDJmRC%2FhREgso4lVNgvuUbrVzGq2bZqm8eSPMfV2gQRbgrgftwvOOLVsFZhHr%2BeJgrc06GC1n4WJ35yjObuKvxkxSCjjpqwAJDUlBmQ5WNVwstpdUgJ0fxKcNfx1%2Fo7lfJ0eYUtktctNuhrzMeIymPtf8do1EfRYt6ojcDFt%2Fnxbmaliml60eRjlIZQBBptSsCaQW1Q1FhPBr8ae56IHPcaKbW8Qb1K7%2BVzfFcbzW9XAwCLRUg%2Fwp%2B4%2Fz8soU2YQbQu4V5SQTkwlyLo1diCfABrBXquQPlALdiAeGZhfw2aL05qYC65LHIwqNWZc4E1oV4P%2FAu5uewk5CMxSL7FcHQCJ%2BCAWxdomU0yHxoBZlU%2BLJAjPZWP%2BG9wyYQWrzCQAmZYrFeZZDZMG32lfMou5kXJmtX5HWSBuCYX0d7GpIgHyVpjzeHVkG90%2BKBtsnghtwHcohQKoFIt9UTX6wO7EPgYUGjqK0a9hsfW5V4fY%2BSuKxUnfzN4ddAh1epVq&highlight=false&headerTopBrand=false#polycard_client=search-nordic&tracking_id=2c37baa5-3ef8-43a8-9ab0-cd83d1bb0fa0&wid=MLB3750141517&sid=search,N/A,0,N/A
21,"HPCartucho Hp 3ed68a Nº 712 Magenta 29ml HpAvaliação 4,8 de 5. (18 avaliações)4.8(18)R$229em12xR$22,55Chegará grátis amanhãEnviado pelo",229.00,https://click1.mercadolivre.com.br/mclics/clicks/external/MLB/count?a=ZGssvnbdGLeE5OhNzn9dD9kQfaio2%2FqXYOaITcjlkbT43aZrUK161288FYhC9aBAJKVPjoHUAMSuzYFcYZOwptN46ib17QquyysROjG6QAE13kIs79q8gFoI27E%2F5omXA4Za%2FRMQCe5CC7pF9AVjIzoAlAj%2FrpyDVlxwNBnic%2FXIdF0nIFGWwKZ%2BsPMU6YqAey9hG7DRnmJIUIlKxUh0TR3Vbs9pvUTReVcm02MZnGF52nfM4qBIILpa%2F0pC6XXHQaqNU91RUTLqnC9rHJJUooGwyk5KzVrLn3Xd0y9xpyBb30LVZus%2FJfvCy6M%2FBJkRF3HXIBNRZMN%2Fekebga%2F7lmwNI41QHuHXg5ZJH1LpL4RrvVa%2BRY6Sjh6nfU7WPRRCh8pNdJy9rCVke%2BYopvhuMFIgBge%2FW8rHZAdsCkiJUfl6bW7nhASgSnJTMN26ICgpaVcT2DA4X49WEwEO2mckTJCDwU4Q5hwCg0idsgwRUsPvquEREguHEpwnrvQmbMU3uuvEZsl3vQ74R7CpPLl%2FjIu3pBdAkBTXulrKUdHjaHFwqqlh7XdqIDPrWybv%2FWsVXXFYTSndROxGI4sU9DV5f%2BiEiqMZNYlAWGeJNs0NKWzCU1KwAgQ8g3ezybmqz4m6s7pDQH5%2FaPIEN1ao%2F0btVei%2FPJos2RW8rMXg%2BC85i7zyoeA1Rn3VSQnt0nB5%2FO7kLib%2FBHx3F3NiV1fhIhxIl%2FTdkpp9qTwk5oI5IU31ZUW6bSGGeMwxASZ36YosCoU6hnrNJm8JMeVCGLPaQytgOehw8FNklXOyyV6bvpr%2FnBnMVZkcNo9xpEhIRvshkx53U4XLu%2BldSuk0ZEd3d%2Fz12z0%2Bhj4dyXKuU5nHvIsHs6G79fskd4f6NgdgVDjfZuDAgbdyBDZgUTn4Nq91UEjZwmVMeV6UhdYcWTerUjZbsfE6crCJGKLCATKRg3COii21Zvz4spSLdjViMksUT117AFZvTpsr&highlight=false&headerTopBrand=false#polycard_client=search-nordic&tracking_id=2c37baa5-3ef8-43a8-9ab0-cd83d1bb0fa0&wid=MLB3841639115&sid=search,4.8,0,Bom.; Tudo certo.
22,"HPKit Cartucho Hp 712 Original Preto 80ml Plotter T250 T650Avaliação 5 de 5. (5 avaliações)5.0(5)R$1.099em12xR$106,32Chegará grátis amanhãEnviado pelo",1099.00,https://produto.mercadolivre.com.br/MLB-5046761230-kit-cartucho-hp-712-original-preto-80ml-plotter-t250-t650-_JM?highlight=false&headerTopBrand=false#polycard_client=search-nordic&backend_model=search-backend&position=31&search_layout=grid&type=item&tracking_id=2c37baa5-3ef8-43a8-9ab0-cd83d1bb0fa0&wid=MLB5046761230&sid=search,N/A,0,N/A
23,"HPCartucho Hp 712 Amarelo 29ml Original 3ed69a T210 T250 T650Avaliação 5 de 5. (3 avaliações)5.0(3)R$269,80R$242,8210% OFFem12xR$23,92Chegará grátis amanhãEnviado pelo",269.00,https://produto.mercadolivre.com.br/MLB-3500805741-cartucho-hp-712-amarelo-29ml-original-3ed69a-t210-t250-t650-_JM?highlight=false&headerTopBrand=false#polycard_client=search-nordic&position=32&search_layout=grid&type=item&tracking_id=2c37baa5-3ef8-43a8-9ab0-cd83d1bb0fa0&wid=MLB3500805741&sid=search,N/A,0,N/A
24,"HPCartucho Hp 3ed68a Nº 712 Magenta 29ml HpAvaliação 4,8 de 5. (18 avaliações)4.8(18)R$229em12xR$22,55Chegará grátis amanhãEnviado pelo",229.00,https://www.mercadolivre.com.br/cartucho-hp-3ed68a-n-712-magenta-29ml-hp/p/MLB22536185?highlight=false&headerTopBrand=false#polycard_client=search-nordic&searchVariation=MLB22536185&backend_model=search-backend&wid=MLB3841639115&position=24&search_layout=grid&type=product&tracking_id=2c37baa5-3ef8-43a8-9ab0-cd83d1bb0fa0&sid=search,4.8,0,Bom.; Tudo certo.
25,"HPCartucho Hp 712 Ciano 29ml Original 3ed67a T210 T250 T650R$269,80R$242,8210% OFFem12xR$23,92Chegará grátis amanhãEnviado pelo",269.00,https://produto.mercadolivre.com.br/MLB-3500781795-cartucho-hp-712-ciano-29ml-original-3ed67a-t210-t250-t650-_JM?highlight=false&headerTopBrand=false#polycard_client=search-nordic&position=33&search_layout=grid&type=item&tracking_id=2c37baa5-3ef8-43a8-9ab0-cd83d1bb0fa0&wid=MLB3500781795&sid=search,N/A,0,N/A
26,"HPCartucho Hp 712 Xl Preto 80ml Original 3ed71a T210 T250 T650Avaliação 5 de 5. (4 avaliações)5.0(4)R$499,80R$444,8310% OFFem12xR$42,94Chegará grátis amanhãEnviado pelo",499.00,https://produto.mercadolivre.com.br/MLB-3500817405-cartucho-hp-712-xl-preto-80ml-original-3ed71a-t210-t250-t650-_JM?highlight=false&headerTopBrand=false#polycard_client=search-nordic&position=34&search_layout=grid&type=item&tracking_id=2c37baa5-3ef8-43a8-9ab0-cd83d1bb0fa0&wid=MLB3500817405&sid=search,N/A,0,N/A
27,"HPKit 4 Cartuchos De Tinta 712  Hp T210 T250 T650Avaliação 5 de 5. (5 avaliações)5.0(5)R$1.195em12xR$99,58sem jurosChegará grátis amanhãEnviado pelo",1195.00,https://produto.mercadolivre.com.br/MLB-4043845268-kit-4-cartuchos-de-tinta-712-hp-t210-t250-t650-_JM?highlight=false&headerTopBrand=false#polycard_client=search-nordic&position=35&search_layout=grid&type=item&tracking_id=2c37baa5-3ef8-43a8-9ab0-cd83d1bb0fa0&wid=MLB4043845268&sid=search,N/A,0,Produto original.
28,"HPCartucho de Tinta Cor Magenta HP 712 3 UnidadesAvaliação 4,8 de 5. (18 avaliações)4.8(18)R$451,90em12xR$43,62Frete grátis",451.00,https://www.mercadolivre.com.br/cartucho-de-tinta-cor-magenta-hp-712-3-unidades/p/MLB36839941?highlight=false&headerTopBrand=false#polycard_client=search-nordic&searchVariation=MLB36839941&wid=MLB3976560913&position=25&search_layout=grid&type=product&tracking_id=2c37baa5-3ef8-43a8-9ab0-cd83d1bb0fa0&sid=search,4.8,0,Bom.; Tudo certo.
29,"HPCartucho de tinta amarelo HP 712 87 ml 3 unidadesAvaliação 4,8 de 5. (18 avaliações)4.8(18)R$478,37em12xR$46,18Frete grátis",478.00,https://www.mercadolivre.com.br/cartucho-de-tinta-amarelo-hp-712-87-ml-3-unidades/p/MLB36787145?highlight=false&headerTopBrand=false#polycard_client=search-nordic&searchVariation=MLB36787145&wid=MLB3990075035&position=16&search_layout=grid&type=product&tracking_id=2c37baa5-3ef8-43a8-9ab0-cd83d1bb0fa0&sid=search,4.8,0,Bom.; Tudo certo.
30,"HPKit 4 Cartuchos De Tinta 712 C/preto 38ml Hp T210 T250 T650Por Primer PrintAvaliação 4,9 de 5. (47 avaliações)4.9(47)R$1.129R$1.0507% OFFem12xR$101,63Chegará grátis amanhãEnviado pelo",1129.00,https://produto.mercadolivre.com.br/MLB-2004761879-kit-4-cartuchos-de-tinta-712-cpreto-38ml-hp-t210-t250-t650-_JM?highlight=false&headerTopBrand=true#polycard_client=search-nordic&position=36&search_layout=grid&type=item&tracking_id=2c37baa5-3ef8-43a8-9ab0-cd83d1bb0fa0&wid=MLB2004761879&sid=search,4.9,0,"Produto veio certo e funcionando ok, muito fácil de instalar.; Bom produto.; Produto original. Boa qualidade.; Não funcionou!!."
31,"HPCartucho Hp 712 Magenta 29ml Original 3ed68a T210 T250 T650R$269,80R$242,8210% OFFem12xR$23,92Chegará grátis amanhãEnviado pelo",269.00,https://produto.mercadolivre.com.br/MLB-3500805723-cartucho-hp-712-magenta-29ml-original-3ed68a-t210-t250-t650-_JM?highlight=false&headerTopBrand=false#polycard_client=search-nordic&position=37&search_layout=grid&type=item&tracking_id=2c37baa5-3ef8-43a8-9ab0-cd83d1bb0fa0&wid=MLB3500805723&sid=search,N/A,0,N/A
32,"Cartucho Pro Resolution 712xl P/ Plotter T250 T650 CianoPor Pro ResolutionR$158,98R$126,4520% OFFem4xR$31,61sem jurosFrete grátis",158.00,https://www.mercadolivre.com.br/cartucho-pro-resolution-712xl-p-plotter-t250-t650-ciano/p/MLB46487783?highlight=true&headerTopBrand=true#polycard_client=search-nordic&searchVariation=MLB46487783&wid=MLB5301583908&position=6&search_layout=grid&type=product&tracking_id=2c37baa5-3ef8-43a8-9ab0-cd83d1bb0fa0&sid=search,N/A,0,N/A
33,"HPCartucho Tinta Hp Plotter 712 3ed69a Amarelo 29ml OriginalAvaliação 5 de 5. (24 avaliações)5.0(24)R$261,50em12xR$25,58Chegará grátis amanhãEnviado pelo",261.00,https://produto.mercadolivre.com.br/MLB-3772506424-cartucho-tinta-hp-plotter-712-3ed69a-amarelo-29ml-original-_JM?highlight=false&headerTopBrand=false#polycard_client=search-nordic&position=38&search_layout=grid&type=item&tracking_id=2c37baa5-3ef8-43a8-9ab0-cd83d1bb0fa0&wid=MLB3772506424&sid=search,N/A,0,N/A
34,"Kit 4 Cartucho De Tinta Hp 712 Para Hp T250 Original SetupPor SULINKAvaliação 4,5 de 5. (2 avaliações)4.5(2)R$745,85em12xR$62,15sem jurosChegará grátis amanhãEnviado pelo",745.00,https://produto.mercadolivre.com.br/MLB-3519087677-kit-4-cartucho-de-tinta-hp-712-para-hp-t250-original-setup-_JM?highlight=false&headerTopBrand=false#polycard_client=search-nordic&position=39&search_layout=grid&type=item&tracking_id=2c37baa5-3ef8-43a8-9ab0-cd83d1bb0fa0&wid=MLB3519087677&sid=search,4.5,0,N/A
35,"HPPack 3 Cartuchos Hp 712 Magenta 3ed78a 29ml Origin T250 T650R$699R$629,1010% OFFem12xR$60,73Chegará grátis amanhãEnviado pelo",699.00,https://produto.mercadolivre.com.br/MLB-5230793016-pack-3-cartuchos-hp-712-magenta-3ed78a-29ml-origin-t250-t650-_JM?highlight=false&headerTopBrand=false#polycard_client=search-nordic&position=40&search_layout=grid&type=item&tracking_id=2c37baa5-3ef8-43a8-9ab0-cd83d1bb0fa0&wid=MLB5230793016&sid=search,N/A,0,N/A
36,"HPKit Cartucho Plotter Hp 712 Original 4 Cores Preto 80mlAvaliação 4,9 de 5. (22 avaliações)4.9(22)R$1.109R$998,1010% OFFem12xR$96,56Frete grátis",1109.00,https://produto.mercadolivre.com.br/MLB-2926364311-kit-cartucho-plotter-hp-712-original-4-cores-preto-80ml-_JM?highlight=false&headerTopBrand=false#polycard_client=search-nordic&position=41&search_layout=grid&type=item&tracking_id=2c37baa5-3ef8-43a8-9ab0-cd83d1bb0fa0&wid=MLB2926364311&sid=search,4.9,0,"Muito bom, recomendo.; Original e sem nenhum defeito. Compra certa!.; Ótimo produto. Recomendo.; Perfeito e original.; Original. Conforme anunciado."
37,"HPCartucho De Tinta Hp Plotter 712 3ed67a Ciano 29ml OriginalAvaliação 4,7 de 5. (3 avaliações)4.7(3)R$261,50em12xR$25,58Chegará grátis amanhãEnviado pelo",261.00,https://produto.mercadolivre.com.br/MLB-3367530259-cartucho-de-tinta-hp-plotter-712-3ed67a-ciano-29ml-original-_JM?highlight=false&headerTopBrand=false#polycard_client=search-nordic&position=42&search_layout=grid&type=item&tracking_id=2c37baa5-3ef8-43a8-9ab0-cd83d1bb0fa0&wid=MLB3367530259&sid=search,4.7,0,Tudo certo.
38,"Cartucho Recarregavel 950 951 711 712 T120 Sem ChipAvaliação 4,5 de 5. (10 avaliações)4.5(10)R$93,83R$87,267% OFFem12xR$7,70Frete grátis",93.00,https://produto.mercadolivre.com.br/MLB-2966449519-cartucho-recarregavel-950-951-711-712-t120-sem-chip-_JM?searchVariation=175816442267&highlight=false&headerTopBrand=false#polycard_client=search-nordic&searchVariation=175816442267&position=43&search_layout=grid&type=item&tracking_id=2c37baa5-3ef8-43a8-9ab0-cd83d1bb0fa0,4.5,0,"Funcionou muito bem, cabe um pouco menos que o original, recomendo a todos do ml.; Top top."
39,"Kit 4 Cartucho Compativel 712 712xl T210 T230 T250 T630 T650Avaliação 5 de 5. (2 avaliações)5.0(2)R$612,75em12xR$59,15Frete grátis",612.00,https://produto.mercadolivre.com.br/MLB-5192893120-kit-4-cartucho-compativel-712-712xl-t210-t230-t250-t630-t650-_JM?highlight=false&headerTopBrand=false#polycard_client=search-nordic&position=44&search_layout=grid&type=item&tracking_id=2c37baa5-3ef8-43a8-9ab0-cd83d1bb0fa0&wid=MLB5192893120&sid=search,N/A,0,N/A
40,"HPKit Cartucho Hp 712 Original Preto 38ml Plotter T650 T250R$989,90em12xR$82,49sem jurosFrete grátis",989.00,https://produto.mercadolivre.com.br/MLB-5370440808-kit-cartucho-hp-712-original-preto-38ml-plotter-t650-t250-_JM?highlight=false&headerTopBrand=false#polycard_client=search-nordic&position=45&search_layout=grid&type=item&tracking_id=2c37baa5-3ef8-43a8-9ab0-cd83d1bb0fa0&wid=MLB5370440808&sid=search,N/A,0,N/A
41,"Cartucho Pro Resolution 712xl P/ Plotter T250 T650 AmareloPor Pro ResolutionR$157,04R$130,3417% OFFem4xR$32,58sem jurosFrete grátis",157.00,https://www.mercadolivre.com.br/cartucho-pro-resolution-712xl-p-plotter-t250-t650-amarelo/p/MLB47659654?highlight=true&headerTopBrand=true#polycard_client=search-nordic&searchVariation=MLB47659654&wid=MLB5339937386&position=23&search_layout=grid&type=product&tracking_id=2c37baa5-3ef8-43a8-9ab0-cd83d1bb0fa0&sid=search,N/A,0,N/A
42,"HPKit Cartucho Hp 712 Preto 38ml Plotter T65 T250R$989,89em12xR$82,49sem jurosFrete grátis",989.00,https://www.mercadolivre.com.br/kit-cartucho-hp-712-preto-38ml-plotter-t65-t250/p/MLB50379383?highlight=false&headerTopBrand=false#polycard_client=search-nordic&searchVariation=MLB50379383&wid=MLB4073215821&position=14&search_layout=grid&type=product&tracking_id=2c37baa5-3ef8-43a8-9ab0-cd83d1bb0fa0&sid=search,N/A,0,N/A
43,"Cartucho Pro Resolution 712xl P/ Plotter T250 T650 PretoPor Pro ResolutionR$216,47R$171,0121% OFFem5xR$34,20sem jurosFrete grátis",216.00,https://www.mercadolivre.com.br/cartucho-pro-resolution-712xl-p-plotter-t250-t650-preto/p/MLB47659670?highlight=true&headerTopBrand=true#polycard_client=search-nordic&searchVariation=MLB47659670&wid=MLB5339962304&position=8&search_layout=grid&type=product&tracking_id=2c37baa5-3ef8-43a8-9ab0-cd83d1bb0fa0&sid=search,N/A,0,N/A
44,"Cartucho Pro Resolution 712xl P/ Plotter T250 T650 MagentaPor Pro ResolutionR$158,98R$125,5921% OFFem4xR$31,40sem jurosFrete grátis",158.00,https://www.mercadolivre.com.br/cartucho-pro-resolution-712xl-p-plotter-t250-t650-magenta/p/MLB47656945?highlight=true&headerTopBrand=true#polycard_client=search-nordic&searchVariation=MLB47656945&wid=MLB5339825270&position=18&search_layout=grid&type=product&tracking_id=2c37baa5-3ef8-43a8-9ab0-cd83d1bb0fa0&sid=search,N/A,0,N/A
45,"HPCartucho Hp Original (712) 3ed70a PretoPor LepokR$329,93em12xR$32,28Frete grátis",329.00,https://produto.mercadolivre.com.br/MLB-2770840497-cartucho-hp-original-712-3ed70a-preto-_JM?highlight=false&headerTopBrand=true#polycard_client=search-nordic&position=46&search_layout=grid&type=item&tracking_id=2c37baa5-3ef8-43a8-9ab0-cd83d1bb0fa0&wid=MLB2770840497&sid=search,N/A,0,N/A
46,"HPCartucho De Tinta Hp Plotter 712 3ed70a Preto 38ml OriginalAvaliação 4,9 de 5. (18 avaliações)4.9(18)R$260em12xR$25,43Frete grátis",260.00,https://produto.mercadolivre.com.br/MLB-2199982950-cartucho-de-tinta-hp-plotter-712-3ed70a-preto-38ml-original-_JM?highlight=false&headerTopBrand=false#polycard_client=search-nordic&position=47&search_layout=grid&type=item&tracking_id=2c37baa5-3ef8-43a8-9ab0-cd83d1bb0fa0&wid=MLB2199982950&sid=search,4.9,0,Produto aceuto.
47,"HPKit Cartucho Hp 712 Original Preto 38ml Plotter T250 T650Avaliação 5 de 5. (1 avaliações)5.0(1)R$979em12xR$94,71Frete grátis",979.00,https://produto.mercadolivre.com.br/MLB-5046775736-kit-cartucho-hp-712-original-preto-38ml-plotter-t250-t650-_JM?highlight=false&headerTopBrand=false#polycard_client=search-nordic&position=48&search_layout=grid&type=item&tracking_id=2c37baa5-3ef8-43a8-9ab0-cd83d1bb0fa0&wid=MLB5046775736&sid=search,N/A,0,Produto original de excelente qualidade. Recomendo.
48,"Kit 4 Cartucho Compativel 712 712xl Designjet T210 T250 T650Avaliação 5 de 5. (1 avaliações)5.0(1)R$704,69em12xR$58,72sem jurosFrete grátis",704.00,https://produto.mercadolivre.com.br/MLB-5192919564-kit-4-cartucho-compativel-712-712xl-designjet-t210-t250-t650-_JM?highlight=false&headerTopBrand=false#polycard_client=search-nordic&position=49&search_layout=grid&type=item&tracking_id=2c37baa5-3ef8-43a8-9ab0-cd83d1bb0fa0&wid=MLB5192919564&sid=search,N/A,0,N/A
49,"HPKit 03 Cartucho Tinta Original Plotter Hp T250 T650 712R$758,87em12xR$63,24sem jurosFrete grátis",758.00,https://produto.mercadolivre.com.br/MLB-4057324315-kit-03-cartucho-tinta-original-plotter-hp-t250-t650-712-_JM?highlight=false&headerTopBrand=false#polycard_client=search-nordic&position=50&search_layout=grid&type=item&tracking_id=2c37baa5-3ef8-43a8-9ab0-cd83d1bb0fa0&wid=MLB4057324315&sid=search,N/A,0,N/A
50,"HPPack 3 Cartuchos Hp 712 Ciano 3ed77a 29ml Original T250 T650R$699R$629,1010% OFFem12xR$60,73Chegará grátis amanhãEnviado pelo",699.00,https://produto.mercadolivre.com.br/MLB-3937981553-pack-3-cartuchos-hp-712-ciano-3ed77a-29ml-original-t250-t650-_JM?highlight=false&headerTopBrand=false#polycard_client=search-nordic&position=51&search_layout=grid&type=item&tracking_id=2c37baa5-3ef8-43a8-9ab0-cd83d1bb0fa0&wid=MLB3937981553&sid=search,N/A,0,N/A
51,"HPCartucho Hp 712 Preto 80ml 3ed71a Original P/ Plotter HpR$524,99R$407,3922% OFFem12xR$39,33Frete grátis",524.00,https://produto.mercadolivre.com.br/MLB-4465812664-cartucho-hp-712-preto-80ml-3ed71a-original-p-plotter-hp-_JM?searchVariation=181828565779&highlight=false&headerTopBrand=true#polycard_client=search-nordic&searchVariation=181828565779&position=52&search_layout=grid&type=item&tracking_id=2c37baa5-3ef8-43a8-9ab0-cd83d1bb0fa0,N/A,0,N/A
52,"Kit Cartuchos Compatível Hp 712 Cor Variado Para ImpressoraR$541,90em12xR$52,31Frete grátis",541.00,https://produto.mercadolivre.com.br/MLB-5391881496-kit-cartuchos-compativel-hp-712-cor-variado-para-impressora-_JM?highlight=false&headerTopBrand=false#polycard_client=search-nordic&position=53&search_layout=grid&type=item&tracking_id=2c37baa5-3ef8-43a8-9ab0-cd83d1bb0fa0&wid=MLB5391881496&sid=search,N/A,0,N/A
53,"HPCartucho Hp Original (712) 3ed68a MagentaPor LepokR$274,29em12xR$26,83Frete grátis",274.00,https://produto.mercadolivre.com.br/MLB-2770878944-cartucho-hp-original-712-3ed68a-magenta-_JM?highlight=false&headerTopBrand=true#polycard_client=search-nordic&position=54&search_layout=grid&type=item&tracking_id=2c37baa5-3ef8-43a8-9ab0-cd83d1bb0fa0&wid=MLB2770878944&sid=search,N/A,0,N/A
54,"HPCartucho de tinta preta HP 712 de 38 mlR$297,50em12xR$29,10Frete grátis",297.00,https://www.mercadolivre.com.br/cartucho-de-tinta-preta-hp-712-de-38-ml/p/MLB37919623?highlight=false&headerTopBrand=false#polycard_client=search-nordic&searchVariation=MLB37919623&wid=MLB5149791412&position=5&search_layout=grid&type=product&tracking_id=2c37baa5-3ef8-43a8-9ab0-cd83d1bb0fa0&sid=search,N/A,0,N/A
55,"HPKit Com 3 Cartuchos De Tinta Color 712 Hp T210 T250 T650Avaliação 4,8 de 5. (10 avaliações)4.8(10)R$670,38R$603,3410% OFFem12xR$58,24Frete grátis",670.00,https://produto.mercadolivre.com.br/MLB-2004768436-kit-com-3-cartuchos-de-tinta-color-712-hp-t210-t250-t650-_JM?highlight=false&headerTopBrand=false#polycard_client=search-nordic&position=55&search_layout=grid&type=item&tracking_id=2c37baa5-3ef8-43a8-9ab0-cd83d1bb0fa0&wid=MLB2004768436&sid=search,4.8,0,Muito bom.
56,"HPCartucho De Tinta Hp Plotter 712 3ed67a Ciano 29ml OriginalAvaliação 4,9 de 5. (8 avaliações)4.9(8)R$261,50em12xR$25,58Frete grátis",261.00,https://produto.mercadolivre.com.br/MLB-2199952706-cartucho-de-tinta-hp-plotter-712-3ed67a-ciano-29ml-original-_JM?highlight=false&headerTopBrand=false#polycard_client=search-nordic&position=56&search_layout=grid&type=item&tracking_id=2c37baa5-3ef8-43a8-9ab0-cd83d1bb0fa0&wid=MLB2199952706&sid=search,4.9,0,Original.
57,"HPKit 03 Cartucho Tinta Original Plotter Hp T250 T650 712R$709,89em12xR$68,53Frete grátis",709.00,https://produto.mercadolivre.com.br/MLB-5379269416-kit-03-cartucho-tinta-original-plotter-hp-t250-t650-712-_JM?highlight=false&headerTopBrand=false#polycard_client=search-nordic&position=57&search_layout=grid&type=item&tracking_id=2c37baa5-3ef8-43a8-9ab0-cd83d1bb0fa0&wid=MLB5379269416&sid=search,N/A,0,N/A
